{
  "model_name": "Qwen/Qwen2.5-7B-Instruct",
  "mode": "base_model_zero_shot",
  "dataset_path": "auditor_dataset_rescored.jsonl",
  "dataset_size": 799,
  "formatted_size": 799,
  "val_size": 113,
  "n_evaluated": 50,
  "config": {
    "max_seq_length": 8192,
    "val_ratio": 0.15
  },
  "structural_metrics": {
    "json_validity": 0.76,
    "schema_compliance": 0.9210526315789473,
    "rubric_range": 0.9473684210526315,
    "issue_template": 0.0,
    "sev_status_enum": 0.9772727272727273
  },
  "semantic_metrics": {
    "issue_f1_exact": 0.3799999999999999,
    "issue_f1_category": 0.6190476190476191,
    "blocking_agreement": 0.0,
    "rubric_mae_per_dim": {
      "requirements_alignment": 2.8378378378378377,
      "architecture_quality": 1.4210526315789473,
      "security": 1.9210526315789473,
      "operability": 1.5675675675675675,
      "internal_consistency": 2.0
    },
    "rubric_mae_mean": 1.9495021337126601
  },
  "rouge_l": {
    "thinking_summary": 0.20517449727119502,
    "summary": 0.14778918402441737
  },
  "llm_judge": {
    "issue_identification": 7.605263157894737,
    "reasoning_quality": 6.894736842105263,
    "recommendation_actionability": 7.342105263157895,
    "rubric_calibration": 4.105263157894737,
    "overall_audit_quality": 6.815789473684211,
    "failed": 0
  },
  "end_token": "<|im_end|>",
  "seed": 42,
  "lora_adapter": null,
  "fine_tuned": false
}