{
  "training": {
    "train_loss": 0.4284191540782414,
    "eval_loss": 0.40465062856674194,
    "perplexity": 1.4987787780855097,
    "duration_minutes": 63.83738896449407,
    "trainable_params": 17825792,
    "trainable_pct": 0.8794322084973722
  },
  "structural": {
    "json_validity_rate": 0.8,
    "schema_compliance_rate": 0.8,
    "rubric_range_compliance": 0.8,
    "issue_template_compliance": 1.0,
    "severity_status_compliance": 0.9777777777777777
  },
  "semantic": {
    "rubric_mae": {
      "requirements_alignment": 0.775,
      "architecture_quality": 0.65,
      "security": 1.025,
      "operability": 1.025,
      "internal_consistency": 0.95
    },
    "rubric_mae_overall": 0.885,
    "issue_f1": 0.6029411764705882,
    "blocking_agreement": 0.95
  }
}